1-alter;1-koerper
1-betel;1-ps
1-blutgr;1-koerper
1-diaet;1-ern
1-distress;1-ps
1-egcg;1-ern
1-implant;1-koerper
1-kam;1-ern
1-kam-bio;1-ern
1-lebensstil;1-ps
1-lq;1-ps
1-makro;1-ern
1-makro-fett;1-ern
1-mikro;1-ern
1-mikro-eisen;1-ern
1-mikro-vit-d;1-ern
1-nm;1-ern
1-nm-fleisch;1-ern
1-op;1-koerper
1-op-lk;1-koerper
1-opi;1-ps
1-po;1-ps
1-risiko;1-ps
1-schichtarbeit;1-ps
1-sex;1-ps
1-str;1-karz
1-stw;1-koerper
1-umwelt;1-karz
1-vit-d;1-ern
1-zirk;1-ps
2-hintergrund;2
2-histo;2
2-lokal;2
2-verlauf;2
2-vorstufe;2
3-angio;3-bild
3-assess;3
3-assessment;3
3-assessments;3
3-assessments-lq;3
3-bio;3
3-chemosens;3-lab
3-ct;3-bild
3-ct-ns;3-bild
3-ct-ther;3-bild
3-d;3
3-dd;2
3-endo;3-bild
3-endo-kolposk;3-bild
3-endo-ns;3-bild
3-endo-ther;3-bild
3-entw;2
3-epid;2-epid
3-ern;3
3-ern-bio;3
3-ern-screen;3
3-eus;3-bild
3-gen;3
3-gen-assay;3
3-genassay;3
3-genet-berat;3
3-histo;3-biops
3-klass;3
3-klin;3
3-labor;3-lab
3-lebensstil;3
3-lq;3
3-mrt;3-bild
3-mrt-ns;3-bild
3-mrt-ther;3-bild
3-ns;3
3-pet;3-bild
3-pet-ct;3-bild
3-pet-ns;3-bild
3-pet-ther;3-bild
3-roe;3-bild
3-roe-ns;3-bild
3-sln;3-biops
3-sono;3-bild
3-sono-ther;3-bild
3-spez;3
3-sy;2-sy
3-szinti;3-bild
3-szinti-ns;3-bild
3-szinti-ther;3-bild
3-tum;3-lab
3-zirk-tu-zellen;3-lab
3-zirk-tuzellen;3-lab
3-zirkulierende-tu-zellen;3-lab
3-zyto;3-biops
4-adj;4
4-kastres;4-rez
4-kmt;4-hdcth
4-ln;4-op
4-lokalrez-op;4-op
4-met;4-pall
4-praekanz;4-vor
4-stammzelltranspl;4-hdcth
4-ther;4
4-ther-and;4-and
4-vorstufe;4-vor
4-vorstufe-op;4-vor
4-vorstufen;4-vor
4-ww;4
5-angst;5-angst
5-appetit;5-app
5-arm;5-arm
5-asz;5-asz
5-aszites;5-asz
5-auge;5-auge
5-bb;5-bb
5-bb-leukopenie;5-bb
5-bio;5
5-delir;5-delir
5-depr;5-depr
5-diab;5-stw
5-diar;5-diar
5-diarr;5-diar
5-dist;5-dist
5-distr;5-dist
5-distress;5-dist
5-dysph;5-luft
5-dyspn;5-luft
5-endo;5-horm
5-endokrin;5-horm
5-essen;5
5-essen-und-verdauung;5
5-fertil;5-fert
5-fruchtbarkeit;5-fert
5-fr�Ã�¼h;5
5-gehoer;5-ohr
5-genital;5-sex
5-geruch;5
5-geschm;5-geschm
5-geschmack;5-geschm
5-git;5-git
5-git-asz;5-asz
5-git-aszites;5-asz
5-git-inkont;5-harn
5-git-muk;5-muc
5-git-obstrukt;5-obstr
5-git-obstrukt-galle;5-obstr
5-git-proktitis;5-git
5-git-strahlen;5-git
5-git-strahlenfolgen;5-git
5-gw;5-stw
5-haar;5-haar
5-harnkath;5-harn
5-haut;5-haut
5-hb;5-harn
5-hirn;5-kog
5-hu;5-app
5-hyperca;5-hyperca
5-hypercalc;5-hyperca
5-hypersens;5
5-inkont;5-harn
5-kach;5-kach
5-kardio;5-kard
5-kardio-gen;5-kard
5-kloak;5-kloak
5-kn;5-kn
5-knochen;5-kn
5-kogn;5-kog
5-le;5-le
5-leber;5-le
5-ln;5
5-lo;5-loe
5-logo;5
5-lq;8-lq
5-meteo;5-git
5-muc;5-muc
5-muk;5-muc
5-muskolo;5-mm
5-niere;5-ni
5-nw;5
5-obstip;5-git
5-obstipat;5-git
5-obstrukt;5-obstr
5-obstrukt-GIT;5-obstr
5-obstrukt-git;5-obstr
5-oeteonekr;5-osteonekr
5-osteonekr;5-osteonekr
5-osteop;5-osteop
5-para;5-para
5-paraneo;5-para
5-paravasat;5-paravasat
5-pleura;5-pleura
5-pnp;5-ns
5-pnp-d;5-ns
5-rat;5-luft
5-recall;5-recall
5-schlaf;5-schlaf
5-schlag;5-schlaf
5-schm;5-schm
5-schm-d;5-schm
5-schm-med;5-schm
5-schm-nmed;5-schm
5-schm-opiate;5-schm
5-schm-opiate-nw;5-schm
5-schmerz;5-schm
5-stimme;5-stimme
5-stoffw;5-stw
5-stoffw-diab;5-stw
5-str;5-str
5-str-folgen;5-str
5-str-hirn;5-str
5-str-nw;5-str
5-stress;5-dist
5-stuhl;5-stuhl
5-suiz;5-depr
5-supp;5
5-thr;5-thromb
5-thromb;5-thromb
5-tumorlyse;5
5-ue;5-ue
5-ulkus;5-ulkus
5-urin;5-harn
5-vaginale symptome;5-sex
5-wunde;5-wunde
5-xero;5-xero
5-zaehne;5-zahn
5-zahn;5-zahn
5-zvk;5
5-zweittumor;5-karz
5-zweittumore;5-karz
5-zweittumoren;5-karz
6-aku;6-kam
6-depr;5-depr
6-ergo;6-bew
6-gew;6-gew
6-gi;6-pflege
6-harnkath;6-pflege
6-immuno;6-ern
6-kach;6-ern
6-kach-d;6-ern
6-krebsdiaet;6-ern
6-makro;6-ern
6-med;6
6-mikro;6-ern
6-nm;6-ern
6-pflege-katheter;6-pflege
6-physio;6-bew
6-physio-massage;6-bew
6-pm;6-pall
6-port;6-pflege
6-ps;6-po
6-qi;6-kam
6-rauch;6-rauch
6-spirit;8-spirit
6-stoma-entero;6-pflege
6-stoma-trach;6-pflege
6-stoma-uro;6-pflege
6-tcm;6-kam
6-zvk;6-pflege
7-nach;7-nachs
7-ns;7-nachs
7-pall;7-pall
7-term;7-pall
8-ang;8-angeh
8-diversity;8
8-pm;8-pall
8-ps;6-po
8-ptg;8
8-survivor;8
8-zaertl;5-sex
